{
  "test_features": [
    0.32183519002277045,
    -0.7813576956169462,
    0.6913563810805253,
    -0.5903616918053307,
    0.7495550374451283,
    -0.27411147538072145,
    -1.7210471256296629,
    -0.982416240480937,
    -0.4304147086872844,
    1.3681890237485779,
    0.9011436305292249,
    1.623861412322142,
    1.6536352160298582,
    -0.534750804590915,
    -0.18848685975882942,
    -0.4112799243305384,
    -0.6715106053010765,
    -1.8414947093364584,
    -0.01474771801684241,
    -1.2855655937111106,
    -0.034171881534327396,
    2.1157708095629846,
    -0.5093450963307086,
    0.19477400562806724,
    0.9066483858092831,
    0.28029129196590696,
    0.29248418794229586,
    -0.36240243368808,
    -0.23187797506123262,
    -0.9600105221878282,
    0.8460450088894076,
    -1.7414916566140959,
    0.9710883383822022,
    -1.4036983847452424,
    0.9626072740766523,
    -0.3538175262121811
  ],
  "expected_posterior": [
    0.26220697887902883,
    0.14585006009482926,
    0.1085473197567429,
    0.4833956412693988
  ],
  "feature_dim": 36,
  "n_regimes": 4
}